network_branch_id,pre_trip_window_s,post_trip_early_window_s,post_trip_late_window_s,pre_P,early_P,delta_P,pre_Q,early_Q,delta_Q,pre_I,early_I,delta_I,pre_raw_S,early_raw_S,delta_raw_S,late_P,late_Q,late_I,late_raw_S,response_score,status,response_rank_all_lines,redistribution_rank_excluding_opened_line
E_26_28_1,7.31-7.49,7.53-8.01,8.31-9.00,10.599731140010181,2.1430123554984584,-8.456718784511724,21.05134842117005,0.930633373022665,-20.120715048147385,2.4407342737565365,0.40451234493532223,-2.0362219288212144,23.83213865653256,2.4076591399664147,-21.424479516566144,2.112041528366163,0.6528072252707541,0.3529373453803056,2.210635184615332,21.424479516566144,post_trip_high_stress_response_trend_only,2,1
E_26_27_1,7.31-7.49,7.53-8.01,8.31-9.00,6.1220512856176805,0.7370664432307734,-5.384984842386907,8.1675597795992,0.6395486285466027,-7.528011151052597,1.5426315999359261,0.1752303383991563,-1.3674012615367699,10.658326170851709,1.0321515435250028,-9.626174627326705,1.9609031370913346,1.228558501497395,0.37501547865312557,2.3170678943492953,9.626174627326705,post_trip_high_stress_response_trend_only,3,2
E_16_17_1,7.31-7.49,7.53-8.01,8.31-9.00,8.654513476097998,2.27087107018474,-6.383642405913259,4.952170382895052,0.9091065442088104,-4.043063838686242,1.740221580817471,0.4245467208948351,-1.315674859922636,10.554051380157716,2.5579103382153736,-7.996141041942343,6.185141842002088,0.5929351206411292,1.0050517113713457,6.201179451879539,7.996141041942343,post_trip_high_stress_response_trend_only,4,3
E_17_27_1,7.31-7.49,7.53-8.01,8.31-9.00,7.706974663289563,3.358966580479842,-4.34800808280972,6.243085347359326,0.3063366917145516,-5.936748655644775,1.6643929975778273,0.56484543235087,-1.0995475652269573,10.538021773669369,3.39770415892841,-7.140317614740959,4.827241503139888,0.4805170987062414,0.7850828378227378,4.846722503313836,7.140317614740959,post_trip_high_stress_response_trend_only,5,4
E_2_25_1,7.31-7.49,7.53-8.01,8.31-9.00,5.417188824639046,1.7315627871542811,-3.685626037484765,4.95781235961189,1.61218197796289,-3.3456303816490003,1.1726165010439116,0.3900508459862612,-0.7825656550576503,7.689966350986912,2.456587460234342,-5.23337889075257,0.8245561921270501,1.660587901692523,0.2984674610444887,1.8792622842407987,5.23337889075257,post_trip_high_stress_response_trend_only,6,5
E_16_19_1,7.31-7.49,7.53-8.01,8.31-9.00,8.166065638918575,4.349138021730063,-3.8169276171885116,2.0181892735935447,1.3626684486052176,-0.6555208249883271,1.3620682946585827,0.7151140132827801,-0.6469542813758026,8.377146402572539,4.609613443670388,-3.7675329589021507,7.096508545656125,0.7743304485495197,1.1381654747424612,7.142462907562771,3.7675329589021507,post_trip_high_stress_response_trend_only,7,6
E_3_4_1,7.31-7.49,7.53-8.01,8.31-9.00,2.5494301154097716,0.8418261166475789,-1.7076039987621927,3.099017202101316,1.147011838604607,-1.952005363496709,0.7101463604006778,0.23977061868144997,-0.4703757417192278,4.302654249417637,1.4641359461405947,-2.8385183032770422,0.5290243036512036,1.2770578829247556,0.23383852806962016,1.4138220714706062,2.8385183032770422,post_trip_high_stress_response_trend_only,8,7
E_16_21_1,7.31-7.49,7.53-8.01,8.31-9.00,4.790293326882105,2.6487355444458367,-2.141557782436268,0.963870204435012,0.465369576058345,-0.49850062837666703,0.8124216650078858,0.42381657446848997,-0.38860509053939585,4.902859879578593,2.72261353934372,-2.1802463402348735,4.14843535277666,0.22469683463539886,0.6728314594393963,4.154507289583299,2.1802463402348735,post_trip_high_stress_response_trend_only,9,8
E_8_9_1,7.31-7.49,7.53-8.01,8.31-9.00,2.593438766017142,4.751771931412869,2.158333165395727,0.8132032333909711,0.26186103469728894,-0.5513421986936822,0.46729946289814633,0.7708808768102714,0.30358141391212506,2.797750675086395,4.758907161564007,1.9611564864776123,1.4227501083791485,0.8716569439875238,0.279198812341436,1.6810003744837216,1.9611564864776123,post_trip_high_stress_response_trend_only,10,9
E_2_3_1,7.31-7.49,7.53-8.01,8.31-9.00,2.324997298868286,6.307668832589782,3.9826715337214957,3.295031893948032,0.6135993048541712,-2.681432589093861,0.6828891062357137,1.000623298000821,0.3177341917651072,4.427396687423259,6.34225708999019,1.9148604025669318,3.116356742838747,1.2300011015834915,0.5466334682313061,3.390431710839945,1.9148604025669318,post_trip_high_stress_response_trend_only,11,10
E_9_39_1,7.31-7.49,7.53-8.01,8.31-9.00,2.602680157024358,4.77388370497049,2.171203547946132,1.2825698663723406,0.4978530051145965,-0.7847168612577441,0.4790357964358121,0.7760613978896501,0.297025601453838,2.9337351241592855,4.804639222895363,1.8709040987360779,1.4248163995986387,0.6809480690431922,0.2558659280244806,1.583493436506528,1.8709040987360779,post_trip_high_stress_response_trend_only,12,11
E_21_22_1,7.31-7.49,7.53-8.01,8.31-9.00,7.67589264924479,5.7080282208814985,-1.9678644283632911,0.9660383468978111,1.6419576538794571,0.675919306981646,1.2522335285013795,0.9135247694994618,-0.33870875900191766,7.760370329276408,5.951449623395559,-1.8089207058808485,6.9682625732311845,1.4648577628079058,1.1354211033025043,7.123786787655825,1.8089207058808485,post_trip_high_stress_response_trend_only,13,12
E_25_26_1,7.31-7.49,7.53-8.01,8.31-9.00,5.138721406747134,5.888607524650361,0.7498861179032268,5.0297127377535364,0.638508630409584,-4.3912041073439525,1.166927923147668,0.9455516904857403,-0.22137623266192763,7.6916998220076165,5.898002554885804,-1.7936972671218125,4.435614457453766,0.23121276552984235,0.7001851780973283,4.43981443802372,1.7936972671218125,post_trip_high_stress_response_trend_only,14,13
E_3_18_1,7.31-7.49,7.53-8.01,8.31-9.00,0.45054999070661733,2.8078066228698733,2.357256632163256,1.0102055240187369,0.7945918001610819,-0.21561372385765498,0.19572723611095505,0.466224170787388,0.27049693467643293,1.1476602404088847,2.9208337236586948,1.77317348324981,0.43295474078423357,0.3869472255022729,0.10783264191148893,0.6613887896212508,1.77317348324981,post_trip_high_stress_response_trend_only,15,14
E_4_14_1,7.31-7.49,7.53-8.01,8.31-9.00,3.3566554763176053,1.710395044114945,-1.6462604322026604,0.22357890017819487,0.9326767851986504,0.7090978850204555,0.554713847968799,0.3180445973018337,-0.23666925066696526,3.3647494635077404,1.9636925278507182,-1.4010569356570222,2.9922146051442717,0.45890738823955685,0.4995452275844059,3.02723739219255,1.4010569356570222,post_trip_high_stress_response_trend_only,16,15
E_23_24_1,7.31-7.49,7.53-8.01,8.31-9.00,4.628780063833616,3.2404537033270673,-1.3883263605065483,0.6660326678296636,0.42500204926303903,-0.2410306185666246,0.7560675182158074,0.5037517064803606,-0.2523158117354468,4.66382030569734,3.2717348515787723,-1.3920854541185674,4.174238326248411,0.19374621126350458,0.6678902054258868,4.178267993514921,1.3920854541185674,post_trip_high_stress_response_trend_only,17,16
E_14_15_1,7.31-7.49,7.53-8.01,8.31-9.00,1.2483184152917044,2.6112928946330185,1.362974479341314,0.7750002349338979,0.8307334272290074,0.055733192295109535,0.25208569419519683,0.43953988520341697,0.18745419100822014,1.5130842947305712,2.7409393739332097,1.2278550792026386,0.6177374020009364,0.3058491304663897,0.11798008671866374,0.7176303973989027,1.2278550792026386,post_trip_high_stress_response_trend_only,18,17
E_26_29_1,7.31-7.49,7.53-8.01,8.31-9.00,4.096619545176843,2.9318136655764673,-1.1648058796003755,0.5888271301322253,0.40976305245763733,-0.17906407767458798,0.5433204235995794,0.46350347118050494,-0.0798169524190745,4.138722460099739,2.960311173511582,-1.1784112865881573,2.81986285167106,0.3925090154320456,0.4544740426419868,2.847049505802239,1.1784112865881573,post_trip_high_stress_response_trend_only,19,18
E_6_11_1,7.31-7.49,7.53-8.01,8.31-9.00,3.168806437661811,1.873975107820302,-1.2948313298415088,0.430310115322785,0.9485660255284357,0.5182559102056508,0.5261665962129057,0.3389711764763,-0.18719541973660575,3.2072626802595843,2.106050959058278,-1.1012117212013064,3.363388539677404,0.4784770126870473,0.5565422460299831,3.3937272123391984,1.1012117212013064,post_trip_high_stress_response_trend_only,20,19
E_6_7_1,7.31-7.49,7.53-8.01,8.31-9.00,3.4521094741389162,2.4286930244085876,-1.0234164497303286,1.0608078922478374,1.5195829022029388,0.45877500995510134,0.5985622829311211,0.46750593905727367,-0.13105634387384746,3.6310351652121464,2.8646769266922454,-0.766358238519901,3.8527365372282385,1.0296870740382404,0.6592147359475077,3.9888431284247123,0.766358238519901,post_trip_high_stress_response_trend_only,21,20
E_4_5_1,7.31-7.49,7.53-8.01,8.31-9.00,4.177282430496573,3.690815776161749,-0.4864666543348246,1.148591123975601,0.23251659868402863,-0.9160745252915724,0.7304036085348242,0.5989845077126339,-0.13141910082219033,4.378506221765287,3.696017246589416,-0.6824889751758709,2.7115057627122274,0.16551369833135415,0.44793337128340754,2.7142299273682946,0.6824889751758709,post_trip_high_stress_response_trend_only,22,21
E_1_39_1,7.31-7.49,7.53-8.01,8.31-9.00,3.668277541636995,3.795670899711549,0.1273933580745541,2.274339981280248,1.1726310601692878,-1.1017089211109603,0.7509076628020916,0.6488220782210714,-0.10208558458102024,4.604129057641544,3.996539006884386,-0.6075900507571586,0.9560260164879076,1.2522988428792972,0.2562518049466483,1.5863221392681122,0.6075900507571586,post_trip_high_stress_response_trend_only,23,22
E_5_8_1,7.31-7.49,7.53-8.01,8.31-9.00,1.860717373640921,0.90727568085259,-0.953441692788331,0.9866010424178758,1.2916827564338103,0.3050817140159344,0.3523524228340326,0.2614003105641592,-0.09095211226987343,2.1429369482192513,1.597435762606301,-0.5455011856129504,2.54155141270694,0.7392888577656982,0.43911544398365243,2.643375287039403,0.5455011856129504,post_trip_high_stress_response_trend_only,24,23
E_1_2_1,7.31-7.49,7.53-8.01,8.31-9.00,3.6498221509125317,3.7794301946094695,0.1296080436969378,1.9710808676470677,0.784169908399654,-1.1869109592474136,0.6885711838797185,0.6154654744784356,-0.07310570940128291,4.382744548836993,3.8588353124226256,-0.5239092364143678,0.9544254498870139,0.47973247539688574,0.17071919040497957,1.0767206406961651,0.5239092364143678,post_trip_high_stress_response_trend_only,25,24
E_7_8_1,7.31-7.49,7.53-8.01,8.31-9.00,1.0064546399226941,0.1786082213280249,-0.8278464185946692,0.4131828891880403,0.7028623415290164,0.2896794523409761,0.1857475967012679,0.12032796816255296,-0.06541962853871493,1.1100824913903031,0.7328949626221852,-0.3771875287681179,1.4306253483034486,0.205617414639092,0.24041294698223672,1.446776079907764,0.3771875287681179,post_trip_high_stress_response_trend_only,26,25
E_13_14_1,7.31-7.49,7.53-8.01,8.31-9.00,4.623962137947716,4.3378034420687595,-0.2861586958789566,0.7547414649587211,0.17914376260829123,-0.5755977023504298,0.7741104823594231,0.6931314820808899,-0.08097900027853322,4.697469412388052,4.340295719517424,-0.35717369287062795,3.6213056690201557,0.2718703056774532,0.5936815963702246,3.628690490075286,0.35717369287062795,post_trip_high_stress_response_trend_only,27,26
E_15_16_1,7.31-7.49,7.53-8.01,8.31-9.00,2.1434450007554475,0.9007345276216511,-1.2427104731337963,1.716389815933527,2.2491585270058185,0.5327687110722916,0.4352206774211516,0.39074159075218107,-0.04447908666897055,2.760720358350117,2.4658448573069482,-0.29487550104316895,2.648707844729143,1.3531888055488785,0.4895525034465479,2.9819217071458057,0.29487550104316895,post_trip_high_stress_response_trend_only,28,27
E_17_18_1,7.31-7.49,7.53-8.01,8.31-9.00,1.3466789613182288,1.1186535076974031,-0.2280254536208257,0.9697328544678712,0.9847459769758051,0.015013122507933963,0.28210443398473684,0.24210963567032898,-0.03999479831440786,1.7781872764668618,1.5039687124620353,-0.27421856400482647,1.332072032280555,0.2813943801211338,0.22241219878362156,1.3692850541872965,0.27421856400482647,post_trip_high_stress_response_trend_only,29,28
E_16_24_1,7.31-7.49,7.53-8.01,8.31-9.00,1.5827058195435821,0.5483996362951876,-1.0343061832483946,0.5808981021744364,1.4887951852160142,0.9078970830415778,0.30661509248444263,0.2505873924392402,-0.05602770004520241,1.7738354817577473,1.6007041096776933,-0.17313137208005402,1.014097149687102,0.9881356011345647,0.2422574204305463,1.493195590381002,0.17313137208005402,post_trip_high_stress_response_trend_only,30,29
E_22_23_1,7.31-7.49,7.53-8.01,8.31-9.00,0.3618275795108184,0.4261357433900594,0.06430816387924099,0.5555335489051426,0.6606540611708751,0.10512051226573249,0.10407773183837436,0.12099980378571816,0.016922071947343797,0.6639799991790301,0.7964613269319467,0.13248132775291666,0.2119888018398511,0.9570908712063465,0.15693688541272013,0.9850620853114255,0.13248132775291666,post_trip_high_stress_response_trend_only,31,30
E_28_29_1,7.31-7.49,7.53-8.01,8.31-9.00,11.31326109723562,0.5063667422129194,-10.806894355022699,24.16122243620058,0.6781819572721823,-23.483040478928395,2.4096814623284684,0.10275518720506006,-2.3069262751234083,27.546517137919682,0.9051864096394846,-26.6413307282802,0.00211668584936004,0.27378838498455116,0.043461613281147206,0.27379989018356105,26.6413307282802,post_trip_high_stress_response_trend_only,1,
