run,window,start_s,end_s,signal,runtime_status,raw_units_from_inf,min,mean,max
stage4,pre_fault,0.0,0.49,VIBR1_2,readable,,7.9015918286441e-05,0.8802858881125598,1.0137134800683
stage4,pre_fault,0.0,0.49,PIBR1_2,readable,,-21.808036269519,-2.5156872130201733,-6.1758973797331e-06
stage4,pre_fault,0.0,0.49,QIBR1_2,readable,,-0.041847802705914,25.950979105906463,37.607786790417
stage4,pre_fault,0.0,0.49,DFIG_LVRT_LOWV,readable,logic,0.0,0.2,1.0
stage4,pre_fault,0.0,0.49,DFIG_LVRT_IMMTRIP,readable,logic,0.0,0.08,1.0
stage4,pre_fault,0.0,0.49,DFIG_LVRT_TIMER_S,readable,s,0.0,0.008999550000000515,0.08999750000002
stage4,pre_fault,0.0,0.49,DFIG_LVRT_DURATION_EXCEEDED,readable,logic,0.0,0.0,0.0
stage4,pre_fault,0.0,0.49,DFIG_LVRT_TRIP_REQUEST,readable,,0.0,0.06,1.0
stage4,pre_fault,0.0,0.49,DFIG_LVRT_TRIP_LATCH,readable,,0.0,0.0,0.0
stage4,pre_fault,0.0,0.49,DFIG_LVRT_FINAL_BRK_CMD,readable,logic,0.0,0.0,0.0
stage4,pre_fault,0.0,0.49,DFIG_LVRT_FINAL_CMD_BOOL,readable,,0.0,0.0,0.0
stage4,pre_fault,0.0,0.49,DFIG_LVRT_BRK_OPEN_BOOL,readable,,0.0,0.0,0.0
stage4,pre_fault,0.0,0.49,DFIG_LVRT_TRIP_CONFIRMED,readable,,0.0,0.0,0.0
stage4,pre_fault,0.0,0.49,DFIG_LVRT_CASCADE_EVENT_VALID,readable,,0.0,0.0,0.0
stage4,pre_fault,0.0,0.49,DFIG_LVRT_CASCADE_EVENT_CAUSE_CODE,readable,,0.0,0.0,0.0
stage4,pre_fault,0.0,0.49,DFIG_LVRT_CASCADE_EVENT_BRK_OPEN,readable,,0.0,0.0,0.0
stage4,pre_fault,0.0,0.49,DFIG_LVRT_CASCADE_SOURCE_AVAILABLE,readable,,1.0,1.0,1.0
stage4,pre_fault,0.0,0.49,DFIG_LVRT_CASCADE_AVAILABLE,readable,,1.0,1.0,1.0
stage4,pre_fault,0.0,0.49,DFIG_LVRT_CASCADE_FIRST_EVENT_TIME_S,readable,s,-1.0,-0.98,0.0
stage4,pre_fault,0.0,0.49,DFIG_LVRT_EXISTING_BRK_CMD,readable,,0.0,0.0,0.0
stage4,pre_fault,0.0,0.49,DFIG_LVRT_ORIGINAL_CMD_OPEN_BOOL,readable,,0.0,0.0,0.0
stage4,pre_fault,0.0,0.49,DFIG_LVRT_TALLOW_S,readable,s,0.625,1.725,2.0
stage4,pre_fault,0.0,0.49,E_28_29_1_A_P,readable,,-3.5311829636375,-2.8641741843525352,0.0
stage4,pre_fault,0.0,0.49,E_28_29_1_A_Q,readable,,0.0,0.17975367909526946,0.22170761736175
stage4,pre_fault,0.0,0.49,E_28_29_1_B_P,readable,,-3.5475087126119,-2.878406244510126,-2.8387772292467e-28
stage4,pre_fault,0.0,0.49,E_28_29_1_B_Q,readable,,-5.5186322624168e-60,0.2609318994294132,0.32161392079914
stage4,pre_fault,0.0,0.49,PAPER_OVL1_S_MAX_PU,runtime_unavailable,,,,
stage4,pre_fault,0.0,0.49,PAPER_OVL1_LOADING_INDEX_EQ,runtime_unavailable,,,,
stage4,pre_fault,0.0,0.49,PAPER_OVL1_ABOVE_THRESHOLD,runtime_unavailable,,,,
stage4,pre_fault,0.0,0.49,PAPER_OVL1_TIMER_OR_CURVE_STATE,runtime_unavailable,,,,
stage4,pre_fault,0.0,0.49,PAPER_OVL1_TRIP_REQUEST,runtime_unavailable,,,,
stage4,pre_fault,0.0,0.49,PAPER_OVL1_BRK_STATE,runtime_unavailable,,,,
stage4,fault,0.5,2.5,VIBR1_2,readable,,0.85254967423946,0.8639348132370043,1.0036887879326
stage4,fault,0.5,2.5,PIBR1_2,readable,,-9.3095520422888,151.14705227843325,203.23941237687
stage4,fault,0.5,2.5,QIBR1_2,readable,,-40.520679705944,-16.567846449657086,48.964072084755
stage4,fault,0.5,2.5,DFIG_LVRT_LOWV,readable,logic,0.0,0.9900497512437811,1.0
stage4,fault,0.5,2.5,DFIG_LVRT_IMMTRIP,readable,logic,0.0,0.0,0.0
stage4,fault,0.5,2.5,DFIG_LVRT_TIMER_S,readable,s,0.0,0.9857653109481448,1.9856725000088
stage4,fault,0.5,2.5,DFIG_LVRT_DURATION_EXCEEDED,readable,logic,0.0,0.03980099502487562,1.0
stage4,fault,0.5,2.5,DFIG_LVRT_TRIP_REQUEST,readable,,0.0,0.03980099502487562,1.0
stage4,fault,0.5,2.5,DFIG_LVRT_TRIP_LATCH,readable,,0.0,0.03980099502487562,1.0
stage4,fault,0.5,2.5,DFIG_LVRT_FINAL_BRK_CMD,readable,logic,0.0,0.03980099502487562,1.0
stage4,fault,0.5,2.5,DFIG_LVRT_FINAL_CMD_BOOL,readable,,0.0,0.03980099502487562,1.0
stage4,fault,0.5,2.5,DFIG_LVRT_BRK_OPEN_BOOL,readable,,0.0,0.03980099502487562,1.0
stage4,fault,0.5,2.5,DFIG_LVRT_TRIP_CONFIRMED,readable,,0.0,0.03980099502487562,1.0
stage4,fault,0.5,2.5,DFIG_LVRT_CASCADE_EVENT_VALID,readable,,0.0,0.03980099502487562,1.0
stage4,fault,0.5,2.5,DFIG_LVRT_CASCADE_EVENT_CAUSE_CODE,readable,,0.0,0.03980099502487562,1.0
stage4,fault,0.5,2.5,DFIG_LVRT_CASCADE_EVENT_BRK_OPEN,readable,,0.0,0.03980099502487562,1.0
stage4,fault,0.5,2.5,DFIG_LVRT_CASCADE_SOURCE_AVAILABLE,readable,,0.0,0.9601990049751243,1.0
stage4,fault,0.5,2.5,DFIG_LVRT_CASCADE_AVAILABLE,readable,,0.0,0.9601990049751243,1.0
stage4,fault,0.5,2.5,DFIG_LVRT_CASCADE_FIRST_EVENT_TIME_S,readable,s,-1.0,-0.8636732338308458,2.42521
stage4,fault,0.5,2.5,DFIG_LVRT_EXISTING_BRK_CMD,readable,,0.0,0.0,0.0
stage4,fault,0.5,2.5,DFIG_LVRT_ORIGINAL_CMD_OPEN_BOOL,readable,,0.0,0.0,0.0
stage4,fault,0.5,2.5,DFIG_LVRT_TALLOW_S,readable,s,1.9003875209017,1.9228144255241604,2.0
stage4,fault,0.5,2.5,E_28_29_1_A_P,readable,,-3.5204700746374,0.07959787800032249,0.13005290653154
stage4,fault,0.5,2.5,E_28_29_1_A_Q,readable,,0.20460252815464,1.2714972257208517,1.2995378960693
stage4,fault,0.5,2.5,E_28_29_1_B_P,readable,,-3.5360216258097,-0.039917256167592834,0.0063124099966483
stage4,fault,0.5,2.5,E_28_29_1_B_Q,readable,,0.0011684348174267,0.00578115406842389,0.30476086425813
stage4,fault,0.5,2.5,PAPER_OVL1_S_MAX_PU,runtime_unavailable,,,,
stage4,fault,0.5,2.5,PAPER_OVL1_LOADING_INDEX_EQ,runtime_unavailable,,,,
stage4,fault,0.5,2.5,PAPER_OVL1_ABOVE_THRESHOLD,runtime_unavailable,,,,
stage4,fault,0.5,2.5,PAPER_OVL1_TIMER_OR_CURVE_STATE,runtime_unavailable,,,,
stage4,fault,0.5,2.5,PAPER_OVL1_TRIP_REQUEST,runtime_unavailable,,,,
stage4,fault,0.5,2.5,PAPER_OVL1_BRK_STATE,runtime_unavailable,,,,
stage4,post_fault_short,2.5,3.5,VIBR1_2,readable,,0.69433521200662,0.9356882269695894,1.2161291568486
stage4,post_fault_short,2.5,3.5,PIBR1_2,readable,,-2.6674398526467,0.1103747136373005,7.1651812537567
stage4,post_fault_short,2.5,3.5,QIBR1_2,readable,,-6.0265251520896,0.000838316375936666,7.8091226546317
stage4,post_fault_short,2.5,3.5,DFIG_LVRT_LOWV,readable,logic,0.0,0.49504950495049505,1.0
stage4,post_fault_short,2.5,3.5,DFIG_LVRT_IMMTRIP,readable,logic,0.0,0.0,0.0
stage4,post_fault_short,2.5,3.5,DFIG_LVRT_TIMER_S,readable,s,1.9856725000088,2.257724207919897,2.472587499991
stage4,post_fault_short,2.5,3.5,DFIG_LVRT_DURATION_EXCEEDED,readable,logic,0.0,0.49504950495049505,1.0
stage4,post_fault_short,2.5,3.5,DFIG_LVRT_TRIP_REQUEST,readable,,0.0,0.49504950495049505,1.0
stage4,post_fault_short,2.5,3.5,DFIG_LVRT_TRIP_LATCH,readable,,1.0,1.0,1.0
stage4,post_fault_short,2.5,3.5,DFIG_LVRT_FINAL_BRK_CMD,readable,logic,1.0,1.0,1.0
stage4,post_fault_short,2.5,3.5,DFIG_LVRT_FINAL_CMD_BOOL,readable,,1.0,1.0,1.0
stage4,post_fault_short,2.5,3.5,DFIG_LVRT_BRK_OPEN_BOOL,readable,,1.0,1.0,1.0
stage4,post_fault_short,2.5,3.5,DFIG_LVRT_TRIP_CONFIRMED,readable,,1.0,1.0,1.0
stage4,post_fault_short,2.5,3.5,DFIG_LVRT_CASCADE_EVENT_VALID,readable,,1.0,1.0,1.0
stage4,post_fault_short,2.5,3.5,DFIG_LVRT_CASCADE_EVENT_CAUSE_CODE,readable,,1.0,1.0,1.0
stage4,post_fault_short,2.5,3.5,DFIG_LVRT_CASCADE_EVENT_BRK_OPEN,readable,,1.0,1.0,1.0
stage4,post_fault_short,2.5,3.5,DFIG_LVRT_CASCADE_SOURCE_AVAILABLE,readable,,0.0,0.0,0.0
stage4,post_fault_short,2.5,3.5,DFIG_LVRT_CASCADE_AVAILABLE,readable,,0.0,0.0,0.0
stage4,post_fault_short,2.5,3.5,DFIG_LVRT_CASCADE_FIRST_EVENT_TIME_S,readable,s,2.42521,2.42521,2.42521
stage4,post_fault_short,2.5,3.5,DFIG_LVRT_EXISTING_BRK_CMD,readable,,0.0,0.0,0.0
stage4,post_fault_short,2.5,3.5,DFIG_LVRT_ORIGINAL_CMD_OPEN_BOOL,readable,,0.0,0.0,0.0
stage4,post_fault_short,2.5,3.5,DFIG_LVRT_TALLOW_S,readable,s,1.594011781272,1.6421133015247178,1.9003875209017
stage4,post_fault_short,2.5,3.5,E_28_29_1_A_P,readable,,-16.505714570401,-4.796287622278497,7.2223477554319
stage4,post_fault_short,2.5,3.5,E_28_29_1_A_Q,readable,,-15.106836266585,-9.652646130877494,1.2875515494614
stage4,post_fault_short,2.5,3.5,E_28_29_1_B_P,readable,,-16.722585481185,-5.0474615380464325,6.961866122157
stage4,post_fault_short,2.5,3.5,E_28_29_1_B_Q,readable,,-16.300323239211,-11.809052592432062,0.0018849670972762
stage4,post_fault_short,2.5,3.5,PAPER_OVL1_S_MAX_PU,runtime_unavailable,,,,
stage4,post_fault_short,2.5,3.5,PAPER_OVL1_LOADING_INDEX_EQ,runtime_unavailable,,,,
stage4,post_fault_short,2.5,3.5,PAPER_OVL1_ABOVE_THRESHOLD,runtime_unavailable,,,,
stage4,post_fault_short,2.5,3.5,PAPER_OVL1_TIMER_OR_CURVE_STATE,runtime_unavailable,,,,
stage4,post_fault_short,2.5,3.5,PAPER_OVL1_TRIP_REQUEST,runtime_unavailable,,,,
stage4,post_fault_short,2.5,3.5,PAPER_OVL1_BRK_STATE,runtime_unavailable,,,,
stage4,pre_first_trip_redistribution,3.5,7.5,VIBR1_2,readable,,0.72672448041822,0.9560064719562452,1.1917133723276
stage4,pre_first_trip_redistribution,3.5,7.5,PIBR1_2,readable,,-0.00093933385312854,-0.00045296061167338016,-0.00010927376682603
stage4,pre_first_trip_redistribution,3.5,7.5,QIBR1_2,readable,,-0.00026105684558967,-6.572334307968695e-08,0.00026258570512795
stage4,pre_first_trip_redistribution,3.5,7.5,DFIG_LVRT_LOWV,readable,logic,0.0,0.41895261845386533,1.0
stage4,pre_first_trip_redistribution,3.5,7.5,DFIG_LVRT_IMMTRIP,readable,logic,0.0,0.0,0.0
stage4,pre_first_trip_redistribution,3.5,7.5,DFIG_LVRT_TIMER_S,readable,s,2.472587499991,3.248377668290782,4.1217599999285
stage4,pre_first_trip_redistribution,3.5,7.5,DFIG_LVRT_DURATION_EXCEEDED,readable,logic,0.0,0.41895261845386533,1.0
stage4,pre_first_trip_redistribution,3.5,7.5,DFIG_LVRT_TRIP_REQUEST,readable,,0.0,0.41895261845386533,1.0
stage4,pre_first_trip_redistribution,3.5,7.5,DFIG_LVRT_TRIP_LATCH,readable,,1.0,1.0,1.0
stage4,pre_first_trip_redistribution,3.5,7.5,DFIG_LVRT_FINAL_BRK_CMD,readable,logic,1.0,1.0,1.0
stage4,pre_first_trip_redistribution,3.5,7.5,DFIG_LVRT_FINAL_CMD_BOOL,readable,,1.0,1.0,1.0
stage4,pre_first_trip_redistribution,3.5,7.5,DFIG_LVRT_BRK_OPEN_BOOL,readable,,1.0,1.0,1.0
stage4,pre_first_trip_redistribution,3.5,7.5,DFIG_LVRT_TRIP_CONFIRMED,readable,,1.0,1.0,1.0
stage4,pre_first_trip_redistribution,3.5,7.5,DFIG_LVRT_CASCADE_EVENT_VALID,readable,,1.0,1.0,1.0
stage4,pre_first_trip_redistribution,3.5,7.5,DFIG_LVRT_CASCADE_EVENT_CAUSE_CODE,readable,,1.0,1.0,1.0
stage4,pre_first_trip_redistribution,3.5,7.5,DFIG_LVRT_CASCADE_EVENT_BRK_OPEN,readable,,1.0,1.0,1.0
stage4,pre_first_trip_redistribution,3.5,7.5,DFIG_LVRT_CASCADE_SOURCE_AVAILABLE,readable,,0.0,0.0,0.0
stage4,pre_first_trip_redistribution,3.5,7.5,DFIG_LVRT_CASCADE_AVAILABLE,readable,,0.0,0.0,0.0
stage4,pre_first_trip_redistribution,3.5,7.5,DFIG_LVRT_CASCADE_FIRST_EVENT_TIME_S,readable,s,2.42521,2.42521,2.42521
stage4,pre_first_trip_redistribution,3.5,7.5,DFIG_LVRT_EXISTING_BRK_CMD,readable,,0.0,0.0,0.0
stage4,pre_first_trip_redistribution,3.5,7.5,DFIG_LVRT_ORIGINAL_CMD_OPEN_BOOL,readable,,0.0,0.0,0.0
stage4,pre_first_trip_redistribution,3.5,7.5,DFIG_LVRT_TALLOW_S,readable,s,1.594011781272,1.594011781272,1.594011781272
stage4,pre_first_trip_redistribution,3.5,7.5,E_28_29_1_A_P,readable,,-12.820482904924,-2.68776123354776,6.5783152142242
stage4,pre_first_trip_redistribution,3.5,7.5,E_28_29_1_A_Q,readable,,-11.973852978757,-7.2520009194915955,-3.4461596834567
stage4,pre_first_trip_redistribution,3.5,7.5,E_28_29_1_B_P,readable,,-13.000412415184,-2.879251283614997,6.3789357302171
stage4,pre_first_trip_redistribution,3.5,7.5,E_28_29_1_B_Q,readable,,-13.124730774725,-8.824628021556164,-5.4758258787303
stage4,pre_first_trip_redistribution,3.5,7.5,PAPER_OVL1_S_MAX_PU,runtime_unavailable,,,,
stage4,pre_first_trip_redistribution,3.5,7.5,PAPER_OVL1_LOADING_INDEX_EQ,runtime_unavailable,,,,
stage4,pre_first_trip_redistribution,3.5,7.5,PAPER_OVL1_ABOVE_THRESHOLD,runtime_unavailable,,,,
stage4,pre_first_trip_redistribution,3.5,7.5,PAPER_OVL1_TIMER_OR_CURVE_STATE,runtime_unavailable,,,,
stage4,pre_first_trip_redistribution,3.5,7.5,PAPER_OVL1_TRIP_REQUEST,runtime_unavailable,,,,
stage4,pre_first_trip_redistribution,3.5,7.5,PAPER_OVL1_BRK_STATE,runtime_unavailable,,,,
stage9,pre_fault,0.0,0.49,VIBR1_2,readable,,7.9015918286441e-05,0.8775208022389647,1.0107344819026
stage9,pre_fault,0.0,0.49,PIBR1_2,readable,,-21.898131521084,-2.508399950913961,-6.1758973797331e-06
stage9,pre_fault,0.0,0.49,QIBR1_2,readable,,-0.040404686668388,25.79633460081187,37.382797847965
stage9,pre_fault,0.0,0.49,DFIG_LVRT_LOWV,readable,logic,0.0,0.2,1.0
stage9,pre_fault,0.0,0.49,DFIG_LVRT_IMMTRIP,readable,logic,0.0,0.08,1.0
stage9,pre_fault,0.0,0.49,DFIG_LVRT_TIMER_S,readable,s,0.0,0.008999550000000515,0.08999750000002
stage9,pre_fault,0.0,0.49,DFIG_LVRT_DURATION_EXCEEDED,readable,logic,0.0,0.0,0.0
stage9,pre_fault,0.0,0.49,DFIG_LVRT_TRIP_REQUEST,readable,,0.0,0.06,1.0
stage9,pre_fault,0.0,0.49,DFIG_LVRT_TRIP_LATCH,readable,,0.0,0.0,0.0
stage9,pre_fault,0.0,0.49,DFIG_LVRT_FINAL_BRK_CMD,readable,logic,0.0,0.0,0.0
stage9,pre_fault,0.0,0.49,DFIG_LVRT_FINAL_CMD_BOOL,readable,,0.0,0.0,0.0
stage9,pre_fault,0.0,0.49,DFIG_LVRT_BRK_OPEN_BOOL,readable,,0.0,0.0,0.0
stage9,pre_fault,0.0,0.49,DFIG_LVRT_TRIP_CONFIRMED,readable,,0.0,0.0,0.0
stage9,pre_fault,0.0,0.49,DFIG_LVRT_CASCADE_EVENT_VALID,readable,,0.0,0.0,0.0
stage9,pre_fault,0.0,0.49,DFIG_LVRT_CASCADE_EVENT_CAUSE_CODE,readable,,0.0,0.0,0.0
stage9,pre_fault,0.0,0.49,DFIG_LVRT_CASCADE_EVENT_BRK_OPEN,readable,,0.0,0.0,0.0
stage9,pre_fault,0.0,0.49,DFIG_LVRT_CASCADE_SOURCE_AVAILABLE,readable,,1.0,1.0,1.0
stage9,pre_fault,0.0,0.49,DFIG_LVRT_CASCADE_AVAILABLE,readable,,1.0,1.0,1.0
stage9,pre_fault,0.0,0.49,DFIG_LVRT_CASCADE_FIRST_EVENT_TIME_S,readable,s,-1.0,-0.98,0.0
stage9,pre_fault,0.0,0.49,DFIG_LVRT_EXISTING_BRK_CMD,readable,,0.0,0.0,0.0
stage9,pre_fault,0.0,0.49,DFIG_LVRT_ORIGINAL_CMD_OPEN_BOOL,readable,,0.0,0.0,0.0
stage9,pre_fault,0.0,0.49,DFIG_LVRT_TALLOW_S,readable,s,0.625,1.725,2.0
stage9,pre_fault,0.0,0.49,E_28_29_1_A_P,readable,,-5.3412717633,-4.333182099200256,0.0
stage9,pre_fault,0.0,0.49,E_28_29_1_A_Q,readable,,-0.00014505728152382,0.08449965394537463,0.1112751034109
stage9,pre_fault,0.0,0.49,E_28_29_1_B_P,readable,,-5.3785116358898,-4.365071082017044,-2.6957308501233e-27
stage9,pre_fault,0.0,0.49,E_28_29_1_B_Q,readable,,-0.04669264657399,-0.021026809377626177,0.022993262651621
stage9,pre_fault,0.0,0.49,PAPER_OVL1_S_MAX_PU,readable,pu,0.0,4.3650890728098455,5.3786429964945
stage9,pre_fault,0.0,0.49,PAPER_OVL1_LOADING_INDEX_EQ,readable,pu,0.0,0.5544460045841277,0.68318585709206
stage9,pre_fault,0.0,0.49,PAPER_OVL1_ABOVE_THRESHOLD,readable,,0.0,0.0,0.0
stage9,pre_fault,0.0,0.49,PAPER_OVL1_TIMER_OR_CURVE_STATE,readable,,0.0,0.0,0.0
stage9,pre_fault,0.0,0.49,PAPER_OVL1_TRIP_REQUEST,readable,,0.0,0.0,0.0
stage9,pre_fault,0.0,0.49,PAPER_OVL1_BRK_STATE,readable,,0.0,0.0,0.0
stage9,fault,0.5,2.5,VIBR1_2,readable,,0.91051071893218,0.9400020004365336,1.0007889067996
stage9,fault,0.5,2.5,PIBR1_2,readable,,-30.775831177119,157.88412054274127,202.74619477574
stage9,fault,0.5,2.5,QIBR1_2,readable,,-44.667981726202,56.18691653381278,73.947292973657
stage9,fault,0.5,2.5,DFIG_LVRT_LOWV,readable,logic,0.0,0.0,0.0
stage9,fault,0.5,2.5,DFIG_LVRT_IMMTRIP,readable,logic,0.0,0.0,0.0
stage9,fault,0.5,2.5,DFIG_LVRT_TIMER_S,readable,s,0.0,0.0,0.0
stage9,fault,0.5,2.5,DFIG_LVRT_DURATION_EXCEEDED,readable,logic,0.0,0.0,0.0
stage9,fault,0.5,2.5,DFIG_LVRT_TRIP_REQUEST,readable,,0.0,0.0,0.0
stage9,fault,0.5,2.5,DFIG_LVRT_TRIP_LATCH,readable,,0.0,0.0,0.0
stage9,fault,0.5,2.5,DFIG_LVRT_FINAL_BRK_CMD,readable,logic,0.0,0.0,0.0
stage9,fault,0.5,2.5,DFIG_LVRT_FINAL_CMD_BOOL,readable,,0.0,0.0,0.0
stage9,fault,0.5,2.5,DFIG_LVRT_BRK_OPEN_BOOL,readable,,0.0,0.0,0.0
stage9,fault,0.5,2.5,DFIG_LVRT_TRIP_CONFIRMED,readable,,0.0,0.0,0.0
stage9,fault,0.5,2.5,DFIG_LVRT_CASCADE_EVENT_VALID,readable,,0.0,0.0,0.0
stage9,fault,0.5,2.5,DFIG_LVRT_CASCADE_EVENT_CAUSE_CODE,readable,,0.0,0.0,0.0
stage9,fault,0.5,2.5,DFIG_LVRT_CASCADE_EVENT_BRK_OPEN,readable,,0.0,0.0,0.0
stage9,fault,0.5,2.5,DFIG_LVRT_CASCADE_SOURCE_AVAILABLE,readable,,1.0,1.0,1.0
stage9,fault,0.5,2.5,DFIG_LVRT_CASCADE_AVAILABLE,readable,,1.0,1.0,1.0
stage9,fault,0.5,2.5,DFIG_LVRT_CASCADE_FIRST_EVENT_TIME_S,readable,s,-1.0,-1.0,-1.0
stage9,fault,0.5,2.5,DFIG_LVRT_EXISTING_BRK_CMD,readable,,0.0,0.0,0.0
stage9,fault,0.5,2.5,DFIG_LVRT_ORIGINAL_CMD_OPEN_BOOL,readable,,0.0,0.0,0.0
stage9,fault,0.5,2.5,DFIG_LVRT_TALLOW_S,readable,s,2.0,2.0,2.0
stage9,fault,0.5,2.5,E_28_29_1_A_P,readable,,-5.3256319543197,0.13421000692428475,0.21001727358177
stage9,fault,0.5,2.5,E_28_29_1_A_Q,readable,,0.082043954830662,2.0860479385335697,2.1492463716715
stage9,fault,0.5,2.5,E_28_29_1_B_P,readable,,-5.3618956639915,-0.06228347006156037,0.0074425902101649
stage9,fault,0.5,2.5,E_28_29_1_B_Q,readable,,-0.047071061578853,0.0021170653076693054,0.0048423050249813
stage9,fault,0.5,2.5,PAPER_OVL1_S_MAX_PU,readable,pu,1.8068681364988,2.139767052388262,5.3627731085416
stage9,fault,0.5,2.5,PAPER_OVL1_LOADING_INDEX_EQ,readable,pu,0.2295052408741,0.27178948084414256,0.68117009158948
stage9,fault,0.5,2.5,PAPER_OVL1_ABOVE_THRESHOLD,readable,,0.0,0.0,0.0
stage9,fault,0.5,2.5,PAPER_OVL1_TIMER_OR_CURVE_STATE,readable,,0.0,0.0,0.0
stage9,fault,0.5,2.5,PAPER_OVL1_TRIP_REQUEST,readable,,0.0,0.0,0.0
stage9,fault,0.5,2.5,PAPER_OVL1_BRK_STATE,readable,,0.0,0.0,0.0
stage9,post_fault_short,2.5,3.5,VIBR1_2,readable,,0.76257961241877,0.9560351426687376,1.1906962675292
stage9,post_fault_short,2.5,3.5,PIBR1_2,readable,,177.15536908759,198.68534878675078,213.58034417464
stage9,post_fault_short,2.5,3.5,QIBR1_2,readable,,44.995243230971,62.27937571409677,88.119448141857
stage9,post_fault_short,2.5,3.5,DFIG_LVRT_LOWV,readable,logic,0.0,0.43564356435643564,1.0
stage9,post_fault_short,2.5,3.5,DFIG_LVRT_IMMTRIP,readable,logic,0.0,0.0,0.0
stage9,post_fault_short,2.5,3.5,DFIG_LVRT_TIMER_S,readable,s,0.0,0.026766584158421265,0.15456750000008
stage9,post_fault_short,2.5,3.5,DFIG_LVRT_DURATION_EXCEEDED,readable,logic,0.0,0.0,0.0
stage9,post_fault_short,2.5,3.5,DFIG_LVRT_TRIP_REQUEST,readable,,0.0,0.0,0.0
stage9,post_fault_short,2.5,3.5,DFIG_LVRT_TRIP_LATCH,readable,,0.0,0.0,0.0
stage9,post_fault_short,2.5,3.5,DFIG_LVRT_FINAL_BRK_CMD,readable,logic,0.0,0.0,0.0
stage9,post_fault_short,2.5,3.5,DFIG_LVRT_FINAL_CMD_BOOL,readable,,0.0,0.0,0.0
stage9,post_fault_short,2.5,3.5,DFIG_LVRT_BRK_OPEN_BOOL,readable,,0.0,0.0,0.0
stage9,post_fault_short,2.5,3.5,DFIG_LVRT_TRIP_CONFIRMED,readable,,0.0,0.0,0.0
stage9,post_fault_short,2.5,3.5,DFIG_LVRT_CASCADE_EVENT_VALID,readable,,0.0,0.0,0.0
stage9,post_fault_short,2.5,3.5,DFIG_LVRT_CASCADE_EVENT_CAUSE_CODE,readable,,0.0,0.0,0.0
stage9,post_fault_short,2.5,3.5,DFIG_LVRT_CASCADE_EVENT_BRK_OPEN,readable,,0.0,0.0,0.0
stage9,post_fault_short,2.5,3.5,DFIG_LVRT_CASCADE_SOURCE_AVAILABLE,readable,,1.0,1.0,1.0
stage9,post_fault_short,2.5,3.5,DFIG_LVRT_CASCADE_AVAILABLE,readable,,1.0,1.0,1.0
stage9,post_fault_short,2.5,3.5,DFIG_LVRT_CASCADE_FIRST_EVENT_TIME_S,readable,s,-1.0,-1.0,-1.0
stage9,post_fault_short,2.5,3.5,DFIG_LVRT_EXISTING_BRK_CMD,readable,,0.0,0.0,0.0
stage9,post_fault_short,2.5,3.5,DFIG_LVRT_ORIGINAL_CMD_OPEN_BOOL,readable,,0.0,0.0,0.0
stage9,post_fault_short,2.5,3.5,DFIG_LVRT_TALLOW_S,readable,s,1.7287574336428,1.9206918983140189,2.0
stage9,post_fault_short,2.5,3.5,E_28_29_1_A_P,readable,,-27.775243151535,-9.100187313567856,10.89057283803
stage9,post_fault_short,2.5,3.5,E_28_29_1_A_Q,readable,,-29.016158679369,-22.671612176073324,2.099391492975
stage9,post_fault_short,2.5,3.5,E_28_29_1_B_P,readable,,-28.382592817803,-9.783921273712776,10.169408813128
stage9,post_fault_short,2.5,3.5,E_28_29_1_B_Q,readable,,-35.269416946266,-29.099778715182904,0.0026091017529311
stage9,post_fault_short,2.5,3.5,PAPER_OVL1_S_MAX_PU,readable,pu,2.1078900084512,33.18221630160421,39.687193186066
stage9,post_fault_short,2.5,3.5,PAPER_OVL1_LOADING_INDEX_EQ,readable,pu,0.26774051429294,4.21474726971104,5.0409980937705
stage9,post_fault_short,2.5,3.5,PAPER_OVL1_ABOVE_THRESHOLD,readable,,0.0,0.9900990099009901,1.0
stage9,post_fault_short,2.5,3.5,PAPER_OVL1_TIMER_OR_CURVE_STATE,readable,,0.0,0.0,0.0
stage9,post_fault_short,2.5,3.5,PAPER_OVL1_TRIP_REQUEST,readable,,0.0,0.0,0.0
stage9,post_fault_short,2.5,3.5,PAPER_OVL1_BRK_STATE,readable,,0.0,0.0,0.0
stage9,pre_first_trip_redistribution,3.5,7.5,VIBR1_2,readable,,0.78185868527063,0.9790668240215418,1.1995867155902
stage9,pre_first_trip_redistribution,3.5,7.5,PIBR1_2,readable,,180.97107131587,199.16521762460624,215.36135138813
stage9,pre_first_trip_redistribution,3.5,7.5,QIBR1_2,readable,,43.325715742218,60.38738438966592,73.87452484757
stage9,pre_first_trip_redistribution,3.5,7.5,DFIG_LVRT_LOWV,readable,logic,0.0,0.3740648379052369,1.0
stage9,pre_first_trip_redistribution,3.5,7.5,DFIG_LVRT_IMMTRIP,readable,logic,0.0,0.0,0.0
stage9,pre_first_trip_redistribution,3.5,7.5,DFIG_LVRT_TIMER_S,readable,s,0.0,0.025576795511228947,0.25081750000018
stage9,pre_first_trip_redistribution,3.5,7.5,DFIG_LVRT_DURATION_EXCEEDED,readable,logic,0.0,0.0,0.0
stage9,pre_first_trip_redistribution,3.5,7.5,DFIG_LVRT_TRIP_REQUEST,readable,,0.0,0.0,0.0
stage9,pre_first_trip_redistribution,3.5,7.5,DFIG_LVRT_TRIP_LATCH,readable,,0.0,0.0,0.0
stage9,pre_first_trip_redistribution,3.5,7.5,DFIG_LVRT_FINAL_BRK_CMD,readable,logic,0.0,0.0,0.0
stage9,pre_first_trip_redistribution,3.5,7.5,DFIG_LVRT_FINAL_CMD_BOOL,readable,,0.0,0.0,0.0
stage9,pre_first_trip_redistribution,3.5,7.5,DFIG_LVRT_BRK_OPEN_BOOL,readable,,0.0,0.0,0.0
stage9,pre_first_trip_redistribution,3.5,7.5,DFIG_LVRT_TRIP_CONFIRMED,readable,,0.0,0.0,0.0
stage9,pre_first_trip_redistribution,3.5,7.5,DFIG_LVRT_CASCADE_EVENT_VALID,readable,,0.0,0.0,0.0
stage9,pre_first_trip_redistribution,3.5,7.5,DFIG_LVRT_CASCADE_EVENT_CAUSE_CODE,readable,,0.0,0.0,0.0
stage9,pre_first_trip_redistribution,3.5,7.5,DFIG_LVRT_CASCADE_EVENT_BRK_OPEN,readable,,0.0,0.0,0.0
stage9,pre_first_trip_redistribution,3.5,7.5,DFIG_LVRT_CASCADE_SOURCE_AVAILABLE,readable,,1.0,1.0,1.0
stage9,pre_first_trip_redistribution,3.5,7.5,DFIG_LVRT_CASCADE_AVAILABLE,readable,,1.0,1.0,1.0
stage9,pre_first_trip_redistribution,3.5,7.5,DFIG_LVRT_CASCADE_FIRST_EVENT_TIME_S,readable,s,-1.0,-1.0,-1.0
stage9,pre_first_trip_redistribution,3.5,7.5,DFIG_LVRT_EXISTING_BRK_CMD,readable,,0.0,0.0,0.0
stage9,pre_first_trip_redistribution,3.5,7.5,DFIG_LVRT_ORIGINAL_CMD_OPEN_BOOL,readable,,0.0,0.0,0.0
stage9,pre_first_trip_redistribution,3.5,7.5,DFIG_LVRT_TALLOW_S,readable,s,1.7677302675191,1.9365697861422755,2.0
stage9,pre_first_trip_redistribution,3.5,7.5,E_28_29_1_A_P,readable,,-25.382380418996,-5.637630331863656,11.091203999649
stage9,pre_first_trip_redistribution,3.5,7.5,E_28_29_1_A_Q,readable,,-25.966035744321,-20.337320970228294,-15.120853654495
stage9,pre_first_trip_redistribution,3.5,7.5,E_28_29_1_B_P,readable,,-25.841851306899,-6.205140504827318,10.550802414337
stage9,pre_first_trip_redistribution,3.5,7.5,E_28_29_1_B_Q,readable,,-32.224201074528,-25.64294370551618,-19.65100430933
stage9,pre_first_trip_redistribution,3.5,7.5,PAPER_OVL1_S_MAX_PU,readable,pu,22.541427567063,29.09337813409839,35.00013623882
stage9,pre_first_trip_redistribution,3.5,7.5,PAPER_OVL1_LOADING_INDEX_EQ,readable,pu,2.863172834211,3.6953901735440637,4.4456562910461
stage9,pre_first_trip_redistribution,3.5,7.5,PAPER_OVL1_ABOVE_THRESHOLD,readable,,1.0,1.0,1.0
stage9,pre_first_trip_redistribution,3.5,7.5,PAPER_OVL1_TIMER_OR_CURVE_STATE,readable,,0.0,0.0,0.0
stage9,pre_first_trip_redistribution,3.5,7.5,PAPER_OVL1_TRIP_REQUEST,readable,,0.0,0.0,0.0
stage9,pre_first_trip_redistribution,3.5,7.5,PAPER_OVL1_BRK_STATE,readable,,0.0,0.0,0.0
