breaker_id,target_type,target_id,pscad_breaker_name,command_field,command_index,status
BR_LINE_1_FROM,line,1,BR_LINE_1_FROM,line_trip_cmd,1,planned
BR_LINE_1_TO,line,1,BR_LINE_1_TO,line_trip_cmd,1,planned
BR_LINE_2_FROM,line,2,BR_LINE_2_FROM,line_trip_cmd,2,planned
BR_LINE_2_TO,line,2,BR_LINE_2_TO,line_trip_cmd,2,planned
BR_LINE_3_FROM,line,3,BR_LINE_3_FROM,line_trip_cmd,3,planned
BR_LINE_3_TO,line,3,BR_LINE_3_TO,line_trip_cmd,3,planned
BR_LINE_4_FROM,line,4,BR_LINE_4_FROM,line_trip_cmd,4,planned
BR_LINE_4_TO,line,4,BR_LINE_4_TO,line_trip_cmd,4,planned
BR_LINE_5_FROM,line,5,BR_LINE_5_FROM,line_trip_cmd,5,planned
BR_LINE_5_TO,line,5,BR_LINE_5_TO,line_trip_cmd,5,planned
BR_LINE_6_FROM,line,6,BR_LINE_6_FROM,line_trip_cmd,6,planned
BR_LINE_6_TO,line,6,BR_LINE_6_TO,line_trip_cmd,6,planned
BR_LINE_7_FROM,line,7,BR_LINE_7_FROM,line_trip_cmd,7,planned
BR_LINE_7_TO,line,7,BR_LINE_7_TO,line_trip_cmd,7,planned
BR_LINE_8_FROM,line,8,BR_LINE_8_FROM,line_trip_cmd,8,planned
BR_LINE_8_TO,line,8,BR_LINE_8_TO,line_trip_cmd,8,planned
BR_LINE_9_FROM,line,9,BR_LINE_9_FROM,line_trip_cmd,9,planned
BR_LINE_9_TO,line,9,BR_LINE_9_TO,line_trip_cmd,9,planned
BR_LINE_10_FROM,line,10,BR_LINE_10_FROM,line_trip_cmd,10,planned
BR_LINE_10_TO,line,10,BR_LINE_10_TO,line_trip_cmd,10,planned
BR_LINE_11_FROM,line,11,BR_LINE_11_FROM,line_trip_cmd,11,planned
BR_LINE_11_TO,line,11,BR_LINE_11_TO,line_trip_cmd,11,planned
BR_LINE_12_FROM,line,12,BR_LINE_12_FROM,line_trip_cmd,12,planned
BR_LINE_12_TO,line,12,BR_LINE_12_TO,line_trip_cmd,12,planned
BR_LINE_13_FROM,line,13,BR_LINE_13_FROM,line_trip_cmd,13,planned
BR_LINE_13_TO,line,13,BR_LINE_13_TO,line_trip_cmd,13,planned
BR_LINE_14_FROM,line,14,BR_LINE_14_FROM,line_trip_cmd,14,planned
BR_LINE_14_TO,line,14,BR_LINE_14_TO,line_trip_cmd,14,planned
BR_LINE_15_FROM,line,15,BR_LINE_15_FROM,line_trip_cmd,15,planned
BR_LINE_15_TO,line,15,BR_LINE_15_TO,line_trip_cmd,15,planned
BR_LINE_16_FROM,line,16,BR_LINE_16_FROM,line_trip_cmd,16,planned
BR_LINE_16_TO,line,16,BR_LINE_16_TO,line_trip_cmd,16,planned
BR_LINE_17_FROM,line,17,BR_LINE_17_FROM,line_trip_cmd,17,planned
BR_LINE_17_TO,line,17,BR_LINE_17_TO,line_trip_cmd,17,planned
BR_LINE_18_FROM,line,18,BR_LINE_18_FROM,line_trip_cmd,18,planned
BR_LINE_18_TO,line,18,BR_LINE_18_TO,line_trip_cmd,18,planned
BR_LINE_19_FROM,line,19,BR_LINE_19_FROM,line_trip_cmd,19,planned
BR_LINE_19_TO,line,19,BR_LINE_19_TO,line_trip_cmd,19,planned
BR_LINE_20_FROM,line,20,BR_LINE_20_FROM,line_trip_cmd,20,planned
BR_LINE_20_TO,line,20,BR_LINE_20_TO,line_trip_cmd,20,planned
BR_LINE_21_FROM,line,21,BR_LINE_21_FROM,line_trip_cmd,21,planned
BR_LINE_21_TO,line,21,BR_LINE_21_TO,line_trip_cmd,21,planned
BR_LINE_22_FROM,line,22,BR_LINE_22_FROM,line_trip_cmd,22,planned
BR_LINE_22_TO,line,22,BR_LINE_22_TO,line_trip_cmd,22,planned
BR_LINE_23_FROM,line,23,BR_LINE_23_FROM,line_trip_cmd,23,planned
BR_LINE_23_TO,line,23,BR_LINE_23_TO,line_trip_cmd,23,planned
BR_LINE_24_FROM,line,24,BR_LINE_24_FROM,line_trip_cmd,24,planned
BR_LINE_24_TO,line,24,BR_LINE_24_TO,line_trip_cmd,24,planned
BR_LINE_25_FROM,line,25,BR_LINE_25_FROM,line_trip_cmd,25,planned
BR_LINE_25_TO,line,25,BR_LINE_25_TO,line_trip_cmd,25,planned
BR_LINE_26_FROM,line,26,BR_LINE_26_FROM,line_trip_cmd,26,planned
BR_LINE_26_TO,line,26,BR_LINE_26_TO,line_trip_cmd,26,planned
BR_LINE_27_FROM,line,27,BR_LINE_27_FROM,line_trip_cmd,27,planned
BR_LINE_27_TO,line,27,BR_LINE_27_TO,line_trip_cmd,27,planned
BR_LINE_28_FROM,line,28,BR_LINE_28_FROM,line_trip_cmd,28,planned
BR_LINE_28_TO,line,28,BR_LINE_28_TO,line_trip_cmd,28,planned
BR_LINE_29_FROM,line,29,BR_LINE_29_FROM,line_trip_cmd,29,planned
BR_LINE_29_TO,line,29,BR_LINE_29_TO,line_trip_cmd,29,planned
BR_LINE_30_FROM,line,30,BR_LINE_30_FROM,line_trip_cmd,30,planned
BR_LINE_30_TO,line,30,BR_LINE_30_TO,line_trip_cmd,30,planned
BR_LINE_31_FROM,line,31,BR_LINE_31_FROM,line_trip_cmd,31,planned
BR_LINE_31_TO,line,31,BR_LINE_31_TO,line_trip_cmd,31,planned
BR_LINE_32_FROM,line,32,BR_LINE_32_FROM,line_trip_cmd,32,planned
BR_LINE_32_TO,line,32,BR_LINE_32_TO,line_trip_cmd,32,planned
BR_LINE_33_FROM,line,33,BR_LINE_33_FROM,line_trip_cmd,33,planned
BR_LINE_33_TO,line,33,BR_LINE_33_TO,line_trip_cmd,33,planned
BR_LINE_34_FROM,line,34,BR_LINE_34_FROM,line_trip_cmd,34,planned
BR_LINE_34_TO,line,34,BR_LINE_34_TO,line_trip_cmd,34,planned
BR_LINE_35_FROM,line,35,BR_LINE_35_FROM,line_trip_cmd,35,planned
BR_LINE_35_TO,line,35,BR_LINE_35_TO,line_trip_cmd,35,planned
BR_LINE_36_FROM,line,36,BR_LINE_36_FROM,line_trip_cmd,36,planned
BR_LINE_36_TO,line,36,BR_LINE_36_TO,line_trip_cmd,36,planned
BR_LINE_37_FROM,line,37,BR_LINE_37_FROM,line_trip_cmd,37,planned
BR_LINE_37_TO,line,37,BR_LINE_37_TO,line_trip_cmd,37,planned
BR_LINE_38_FROM,line,38,BR_LINE_38_FROM,line_trip_cmd,38,planned
BR_LINE_38_TO,line,38,BR_LINE_38_TO,line_trip_cmd,38,planned
BR_LINE_39_FROM,line,39,BR_LINE_39_FROM,line_trip_cmd,39,planned
BR_LINE_39_TO,line,39,BR_LINE_39_TO,line_trip_cmd,39,planned
BR_LINE_40_FROM,line,40,BR_LINE_40_FROM,line_trip_cmd,40,planned
BR_LINE_40_TO,line,40,BR_LINE_40_TO,line_trip_cmd,40,planned
BR_LINE_41_FROM,line,41,BR_LINE_41_FROM,line_trip_cmd,41,planned
BR_LINE_41_TO,line,41,BR_LINE_41_TO,line_trip_cmd,41,planned
BR_LINE_42_FROM,line,42,BR_LINE_42_FROM,line_trip_cmd,42,planned
BR_LINE_42_TO,line,42,BR_LINE_42_TO,line_trip_cmd,42,planned
BR_LINE_43_FROM,line,43,BR_LINE_43_FROM,line_trip_cmd,43,planned
BR_LINE_43_TO,line,43,BR_LINE_43_TO,line_trip_cmd,43,planned
BR_LINE_44_FROM,line,44,BR_LINE_44_FROM,line_trip_cmd,44,planned
BR_LINE_44_TO,line,44,BR_LINE_44_TO,line_trip_cmd,44,planned
BR_LINE_45_FROM,line,45,BR_LINE_45_FROM,line_trip_cmd,45,planned
BR_LINE_45_TO,line,45,BR_LINE_45_TO,line_trip_cmd,45,planned
BR_LINE_46_FROM,line,46,BR_LINE_46_FROM,line_trip_cmd,46,planned
BR_LINE_46_TO,line,46,BR_LINE_46_TO,line_trip_cmd,46,planned
BR_WIND_33,wind,wind_33,BR_WIND_33,wind_disconnect_cmd,1,planned
BR_WIND_35,wind,wind_35,BR_WIND_35,wind_disconnect_cmd,2,planned
BR_WIND_38,wind,wind_38,BR_WIND_38,wind_disconnect_cmd,3,planned
BR_GEN_30,generator,gen_30,BR_GEN_30,gen_trip_cmd,1,planned
BR_GEN_31,generator,gen_31,BR_GEN_31,gen_trip_cmd,2,planned
BR_GEN_32,generator,gen_32,BR_GEN_32,gen_trip_cmd,3,planned
BR_GEN_33,generator,gen_33,BR_GEN_33,gen_trip_cmd,4,planned
BR_GEN_34,generator,gen_34,BR_GEN_34,gen_trip_cmd,5,planned
BR_GEN_35,generator,gen_35,BR_GEN_35,gen_trip_cmd,6,planned
BR_GEN_36,generator,gen_36,BR_GEN_36,gen_trip_cmd,7,planned
BR_GEN_37,generator,gen_37,BR_GEN_37,gen_trip_cmd,8,planned
BR_GEN_38,generator,gen_38,BR_GEN_38,gen_trip_cmd,9,planned
BR_GEN_39,generator,gen_39,BR_GEN_39,gen_trip_cmd,10,planned
