tline_id,eligible,rejection_reason,pre_first_trip_max_s,post_first_trip_5s_floor_s,threshold_t,effective_capacity_c_eff,selection_margin,expected_pickup_time_s,expected_second_open_time_s,selected_5s_window_start_s,selected_5s_window_end_s,sustained_sample_count,score,candidate_status,rank,paper_target_status,selection_basis
E_26_29_1,True,,18.663806161094747,21.51451473385916,20.089160447476953,18.262873134069956,2.850708572764411,9.91,14.91,9.95,14.95,501,345.8085551640641,eligible,1,paper_event_order_proxy,eligible_second_trip_candidate_from_stage11_raw_dual_end_PQ
E_22_23_1,False,post_5s_floor_not_above_pre_first_trip_max,1.3992968713548721,0.4646691973452204,,,-0.9346276740096517,,,8.76,13.76,501,-1.0,rejected,2,paper_event_order_proxy,post_5s_floor_not_above_pre_first_trip_max
E_4_14_1,False,post_5s_floor_not_above_pre_first_trip_max,4.137761912038534,2.126421601205793,,,-2.011340310832741,,,9.9,14.9,501,-1.0,rejected,3,paper_event_order_proxy,post_5s_floor_not_above_pre_first_trip_max
E_3_4_1,False,post_5s_floor_not_above_pre_first_trip_max,5.379532327662546,2.6142683448424133,,,-2.765263982820133,,,8.33,13.33,501,-1.0,rejected,4,paper_event_order_proxy,post_5s_floor_not_above_pre_first_trip_max
E_7_8_1,False,post_5s_floor_not_above_pre_first_trip_max,3.3609754638285176,0.4992741699486799,,,-2.861701293879838,,,7.54,12.54,501,-1.0,rejected,5,paper_event_order_proxy,post_5s_floor_not_above_pre_first_trip_max
E_16_24_1,False,post_5s_floor_not_above_pre_first_trip_max,3.2527595048265776,0.21863089152874537,,,-3.034128613297832,,,7.54,12.54,501,-1.0,rejected,6,paper_event_order_proxy,post_5s_floor_not_above_pre_first_trip_max
E_23_24_1,False,post_5s_floor_not_above_pre_first_trip_max,6.309383734422759,3.271688769212838,,,-3.0376949652099206,,,9.9,14.9,501,-1.0,rejected,7,paper_event_order_proxy,post_5s_floor_not_above_pre_first_trip_max
E_6_11_1,False,post_5s_floor_not_above_pre_first_trip_max,5.189315473172628,2.103576790046821,,,-3.0857386831258067,,,9.86,14.86,501,-1.0,rejected,8,paper_event_order_proxy,post_5s_floor_not_above_pre_first_trip_max
E_6_7_1,False,post_5s_floor_not_above_pre_first_trip_max,6.370850170254102,2.624368173964896,,,-3.7464819962892064,,,9.63,14.63,501,-1.0,rejected,9,paper_event_order_proxy,post_5s_floor_not_above_pre_first_trip_max
E_13_14_1,False,post_5s_floor_not_above_pre_first_trip_max,6.359717971163809,2.588334196946511,,,-3.771383774217298,,,9.17,14.17,501,-1.0,rejected,10,paper_event_order_proxy,post_5s_floor_not_above_pre_first_trip_max
E_14_15_1,False,post_5s_floor_not_above_pre_first_trip_max,4.296687939301387,0.4202689964010559,,,-3.8764189429003313,,,7.6,12.6,501,-1.0,rejected,11,paper_event_order_proxy,post_5s_floor_not_above_pre_first_trip_max
E_15_16_1,False,post_5s_floor_not_above_pre_first_trip_max,6.489926961297657,2.174020818520917,,,-4.31590614277674,,,8.89,13.89,501,-1.0,rejected,12,paper_event_order_proxy,post_5s_floor_not_above_pre_first_trip_max
E_5_8_1,False,post_5s_floor_not_above_pre_first_trip_max,5.646532191811966,1.3269039360517534,,,-4.319628255760213,,,9.54,14.54,501,-1.0,rejected,13,paper_event_order_proxy,post_5s_floor_not_above_pre_first_trip_max
E_3_18_1,False,post_5s_floor_not_above_pre_first_trip_max,4.804639782748404,0.26903587662509526,,,-4.535603906123309,,,8.93,13.93,501,-1.0,rejected,14,paper_event_order_proxy,post_5s_floor_not_above_pre_first_trip_max
E_21_22_1,False,post_5s_floor_not_above_pre_first_trip_max,10.269940073618075,5.609109110232604,,,-4.660830963385472,,,9.9,14.9,501,-1.0,rejected,15,paper_event_order_proxy,post_5s_floor_not_above_pre_first_trip_max
E_16_21_1,False,post_5s_floor_not_above_pre_first_trip_max,7.2329276087952525,2.5128328775420323,,,-4.72009473125322,,,9.9,14.9,501,-1.0,rejected,16,paper_event_order_proxy,post_5s_floor_not_above_pre_first_trip_max
E_17_18_1,False,post_5s_floor_not_above_pre_first_trip_max,5.382290074090371,0.5625917667703053,,,-4.819698307320066,,,7.54,12.54,501,-1.0,rejected,17,paper_event_order_proxy,post_5s_floor_not_above_pre_first_trip_max
E_16_19_1,False,post_5s_floor_not_above_pre_first_trip_max,10.496370243061431,5.502910753644861,,,-4.99345948941657,,,9.74,14.74,501,-1.0,rejected,18,paper_event_order_proxy,post_5s_floor_not_above_pre_first_trip_max
E_4_5_1,False,post_5s_floor_not_above_pre_first_trip_max,6.525561281928053,1.3861218357099374,,,-5.139439446218116,,,9.16,14.16,501,-1.0,rejected,19,paper_event_order_proxy,post_5s_floor_not_above_pre_first_trip_max
E_8_9_1,False,post_5s_floor_not_above_pre_first_trip_max,6.996302319717225,1.2489832515719195,,,-5.7473190681453055,,,8.54,13.54,501,-1.0,rejected,20,paper_event_order_proxy,post_5s_floor_not_above_pre_first_trip_max
E_26_27_1,False,post_5s_floor_not_above_pre_first_trip_max,15.556522396756678,9.589040132277704,,,-5.967482264478974,,,9.91,14.91,501,-1.0,rejected,21,paper_event_order_proxy,post_5s_floor_not_above_pre_first_trip_max
E_9_39_1,False,post_5s_floor_not_above_pre_first_trip_max,7.043694096678621,0.9723862828907578,,,-6.071307813787863,,,8.39,13.39,501,-1.0,rejected,22,paper_event_order_proxy,post_5s_floor_not_above_pre_first_trip_max
E_17_27_1,False,post_5s_floor_not_above_pre_first_trip_max,15.438452329136979,9.224803724065149,,,-6.21364860507183,,,9.91,14.91,501,-1.0,rejected,23,paper_event_order_proxy,post_5s_floor_not_above_pre_first_trip_max
E_1_39_1,False,post_5s_floor_not_above_pre_first_trip_max,8.367174309534558,1.8756420850517244,,,-6.4915322244828335,,,7.64,12.64,501,-1.0,rejected,24,paper_event_order_proxy,post_5s_floor_not_above_pre_first_trip_max
E_2_3_1,False,post_5s_floor_not_above_pre_first_trip_max,9.337196107097748,2.4373225599570207,,,-6.899873547140727,,,8.65,13.65,501,-1.0,rejected,25,paper_event_order_proxy,post_5s_floor_not_above_pre_first_trip_max
E_1_2_1,False,post_5s_floor_not_above_pre_first_trip_max,8.583297766633104,1.3430559961176567,,,-7.240241770515447,,,7.61,12.61,501,-1.0,rejected,26,paper_event_order_proxy,post_5s_floor_not_above_pre_first_trip_max
E_16_17_1,False,post_5s_floor_not_above_pre_first_trip_max,15.048802627057345,7.5041020627009445,,,-7.5447005643564005,,,9.92,14.92,501,-1.0,rejected,27,paper_event_order_proxy,post_5s_floor_not_above_pre_first_trip_max
E_25_26_1,False,post_5s_floor_not_above_pre_first_trip_max,14.864817354614596,6.622246832414134,,,-8.242570522200463,,,9.21,14.21,501,-1.0,rejected,28,paper_event_order_proxy,post_5s_floor_not_above_pre_first_trip_max
E_2_25_1,False,post_5s_floor_not_above_pre_first_trip_max,13.234775250626788,3.6775551584082193,,,-9.557220092218568,,,8.58,13.58,501,-1.0,rejected,29,paper_event_order_proxy,post_5s_floor_not_above_pre_first_trip_max
E_26_28_1,False,post_5s_floor_not_above_pre_first_trip_max,17.76070892292281,2.6378840846870775,,,-15.122824838235733,,,9.51,14.51,501,-1.0,rejected,30,paper_event_order_proxy,post_5s_floor_not_above_pre_first_trip_max
